Weather Station,Latitude,Longitude,Date
ABADAN,30.36666667,48.25,1943-12-23
ABADAN,30.36666667,48.25,1944-01-14
ABADAN,30.36666667,48.25,1944-01-18
ABADAN,30.36666667,48.25,1944-04-18
ABADAN,30.36666667,48.25,1944-11-19
ABADAN,30.36666667,48.25,1944-11-25
ABADAN,30.36666667,48.25,1945-02-23
ABADAN,30.36666667,48.25,1945-03-06
ACCRA,5.6,-0.3,1942-08-21
ACCRA,5.6,-0.3,1943-06-05
ACCRA,5.6,-0.3,1944-04-27
ACCRA,5.6,-0.3,1944-05-03
ADANA,36.98333333,35.01666667,1945-04-22
ADANA,36.98333333,35.01666667,1945-11-06
AGRA,27.16666667,78.1,1944-07-21
AGRA,27.16666667,78.1,1944-08-15
AGRA,27.16666667,78.1,1945-09-21
AIN EL,36.38333333,6.65,1943-05-01
AIN EL,36.38333333,6.65,1943-05-05
AIN EL,36.38333333,6.65,1943-05-11
AIN EL,36.38333333,6.65,1943-05-21
AIN EL,36.38333333,6.65,1944-02-10
AIN EL,36.38333333,6.65,1944-02-23
AIN EL,36.38333333,6.65,1944-02-28
AIN EL,36.38333333,6.65,1944-03-03
AIN EL,36.38333333,6.65,1944-03-14
AIN EL,36.38333333,6.65,1944-03-27
AIN EL,36.38333333,6.65,1944-04-01
AIN EL,36.38333333,6.65,1944-04-02
AIN EL,36.38333333,6.65,1944-04-15
AIN EL,36.38333333,6.65,1944-05-13
AIN EL,36.38333333,6.65,1944-05-18
AIN EL,36.38333333,6.65,1944-05-26
AIN EL,36.38333333,6.65,1944-05-27
AIN EL,36.38333333,6.65,1944-05-30
AIN EL,36.38333333,6.65,1944-06-21
AIN EL,36.38333333,6.65,1944-06-29
AIN EL,36.38333333,6.65,1944-07-06
AIN EL,36.38333333,6.65,1944-07-17
AIN EL,36.38333333,6.65,1944-07-26
AIN EL,36.38333333,6.65,1944-08-15
AIN EL,36.38333333,6.65,1944-09-11
AIN EL,36.38333333,6.65,1944-10-16
AIN EL,36.38333333,6.65,1944-10-31
AMBERLY,-27.6,152.8166667,1943-04-12
AMBERLY,-27.6,152.8166667,1943-09-02
AMBERLY,-27.6,152.8166667,1943-09-20
AMBERLY,-27.6,152.8166667,1943-09-22
AMBERLY,-27.6,152.8166667,1943-10-19
AMBERLY,-27.6,152.8166667,1943-10-24
AMBERLY,-27.6,152.8166667,1943-11-01
AMBERLY,-27.6,152.8166667,1943-11-29
AMBERLY,-27.6,152.8166667,1943-12-01
AMBERLY,-27.6,152.8166667,1943-12-20
AMBERLY,-27.6,152.8166667,1944-02-18
AMBERLY,-27.6,152.8166667,1944-02-23
AMBERLY,-27.6,152.8166667,1944-04-10
AMBERLY,-27.6,152.8166667,1944-07-12
AMBERLY,-27.6,152.8166667,1944-07-27
AMBERLY,-27.6,152.8166667,1944-08-25
AMBERLY,-27.6,152.8166667,1944-11-19
AMBERLY,-27.6,152.8166667,1944-11-26
AMBERLY,-27.6,152.8166667,1944-12-06
AMBERLY,-27.6,152.8166667,1944-12-10
AMENDOLA,41.55,15.73333333,1944-03-29
AMENDOLA,41.55,15.73333333,1944-05-03
AMENDOLA,41.55,15.73333333,1944-05-08
AMENDOLA,41.55,15.73333333,1944-05-30
AMENDOLA,41.55,15.73333333,1944-06-30
AMENDOLA,41.55,15.73333333,1944-07-22
AMENDOLA,41.55,15.73333333,1944-09-07
AMENDOLA,41.55,15.73333333,1944-11-15
AMENDOLA,41.55,15.73333333,1945-01-24
AMENDOLA,41.55,15.73333333,1945-01-31
AMENDOLA,41.55,15.73333333,1945-02-24
AMENDOLA,41.55,15.73333333,1945-03-05
AMENDOLA,41.55,15.73333333,1945-05-08
AMIRABAD POST,35.71666667,51.48333333,1944-01-01
AMIRABAD POST,35.71666667,51.48333333,1944-02-27
AMIRABAD POST,35.71666667,51.48333333,1944-02-28
AMIRABAD POST,35.71666667,51.48333333,1945-03-03
AMIRABAD POST,35.71666667,51.48333333,1945-03-05
AMIRABAD POST,35.71666667,51.48333333,1945-03-31
AMIRABAD POST,35.71666667,51.48333333,1945-10-14
AMIRABAD POST,35.71666667,51.48333333,1945-12-01
ARCHER,-27.58333333,153,1943-08-08
ARCHER,-27.58333333,153,1943-09-21
ARCHER,-27.58333333,153,1943-10-05
ARCHER,-27.58333333,153,1943-10-24
ARCHER,-27.58333333,153,1943-11-29
ARCHER,-27.58333333,153,1943-12-01
ARCHER,-27.58333333,153,1944-02-18
ARCHER,-27.58333333,153,1944-07-27
ATAR,20.46666667,-13.03333333,1943-05-11
ATAR,20.46666667,-13.03333333,1944-05-26
ATAR,20.46666667,-13.03333333,1944-10-08
ATHENS,37.96666667,23.78333333,1945-03-01
ATHENS,37.96666667,23.78333333,1945-04-13
ATHENS,37.96666667,23.78333333,1945-05-24
ATHENS,37.96666667,23.78333333,1945-08-01
ATHENS,37.96666667,23.78333333,1945-10-06
BAHREIN ISLAND,26.26666667,50.56666667,1944-04-04
BAHREIN ISLAND,26.26666667,50.56666667,1944-04-08
BAHREIN ISLAND,26.26666667,50.56666667,1944-05-18
BAHREIN ISLAND,26.26666667,50.56666667,1944-05-27
BAHREIN ISLAND,26.26666667,50.56666667,1944-05-30
BAHREIN ISLAND,26.26666667,50.56666667,1945-03-12
BAHREIN ISLAND,26.26666667,50.56666667,1945-06-01
BALBOA/ALBROOK,8.966666667,-79.5,1940-07-26
BALBOA/ALBROOK,8.966666667,-79.5,1940-08-22
BALBOA/ALBROOK,8.966666667,-79.5,1940-08-31
BALBOA/ALBROOK,8.966666667,-79.5,1943-05-26
BALBOA/ALBROOK,8.966666667,-79.5,1943-12-20
BALBOA/ALBROOK,8.966666667,-79.5,1944-05-30
BALBOA/ALBROOK,8.966666667,-79.5,1945-10-18
BAMRAULI,25.43333333,81.83333333,1943-06-05
BAMRAULI,25.43333333,81.83333333,1943-09-27
BAMRAULI,25.43333333,81.83333333,1944-02-26
BAMRAULI,25.43333333,81.83333333,1945-06-01
BANGALORE,12.95,77.58333333,1942-11-20
BANGALORE,12.95,77.58333333,1942-11-26
BANGALORE,12.95,77.58333333,1942-12-20
BANGALORE,12.95,77.58333333,1943-10-11
BANGALORE,12.95,77.58333333,1943-10-17
BARI,41.13333333,16.81666667,1944-01-24
BARI,41.13333333,16.81666667,1944-03-30
BARI,41.13333333,16.81666667,1944-04-08
BARI,41.13333333,16.81666667,1944-04-16
BARI,41.13333333,16.81666667,1944-05-03
BARI,41.13333333,16.81666667,1944-05-08
BARI,41.13333333,16.81666667,1944-05-21
BARI,41.13333333,16.81666667,1944-06-30
BARI,41.13333333,16.81666667,1944-07-04
BARI,41.13333333,16.81666667,1944-07-22
BARI,41.13333333,16.81666667,1944-09-03
BARI,41.13333333,16.81666667,1944-12-08
BARI,41.13333333,16.81666667,1945-01-24
BARI,41.13333333,16.81666667,1945-01-31
BARI,41.13333333,16.81666667,1945-03-05
BARI,41.13333333,16.81666667,1945-03-11
BARI,41.13333333,16.81666667,1945-03-26
BARI,41.13333333,16.81666667,1945-05-22
BARI,41.13333333,16.81666667,1945-08-14
BARI,41.13333333,16.81666667,1945-08-19
BARRACKPORE,22.76666667,88.36666667,1944-06-16
BARRACKPORE,22.76666667,88.36666667,1944-08-02
BHOLARI,25.31666667,68.18333333,1945-08-22
BINDUKURI,26.71666667,92.71666667,1943-10-07
BINDUKURI,26.71666667,92.71666667,1944-01-07
BINDUKURI,26.71666667,92.71666667,1944-01-26
BINDUKURI,26.71666667,92.71666667,1944-04-17
BINDUKURI,26.71666667,92.71666667,1944-04-24
BINDUKURI,26.71666667,92.71666667,1944-07-23
BINDUKURI,26.71666667,92.71666667,1944-08-23
BINDUKURI,26.71666667,92.71666667,1945-03-21
BINDUKURI,26.71666667,92.71666667,1945-04-22
BINDUKURI,26.71666667,92.71666667,1945-05-16
BOUGAINVILLE/AAF,-6.233333333,155.1333333,1944-07-12
BOUGAINVILLE/AAF,-6.233333333,155.1333333,1945-03-26
BRISBANE,-27.43333333,153.1333333,1944-10-28
BRISBANE,-27.43333333,153.1333333,1944-12-06
BRISBANE,-27.43333333,153.1333333,1945-10-01
BRISBANE,-27.43333333,153.1333333,1945-12-06
C DELORO/CORSICA,41.91666667,8.75,1944-09-01
C DELORO/CORSICA,41.91666667,8.75,1944-10-06
CAGLIARI/SARDINIA,39.25,9.116666667,1943-11-14
CAGLIARI/SARDINIA,39.25,9.116666667,1944-05-03
CAGLIARI/SARDINIA,39.25,9.116666667,1944-05-15
CAGLIARI/SARDINIA,39.25,9.116666667,1944-06-27
CAGLIARI/SARDINIA,39.25,9.116666667,1944-07-22
CAGLIARI/SARDINIA,39.25,9.116666667,1944-07-28
CAMAGUEY,21.4,-77.86666667,1942-11-07
CAMAGUEY,21.4,-77.86666667,1942-12-16
CAMAGUEY,21.4,-77.86666667,1943-04-01
CAMAGUEY,21.4,-77.86666667,1944-04-08
CAMAGUEY,21.4,-77.86666667,1945-01-07
CAMP DELTA,65.66666667,-18.03333333,1944-01-30
CAMP DELTA,65.66666667,-18.03333333,1944-02-04
CAMP DELTA,65.66666667,-18.03333333,1944-02-05
CAMP DELTA,65.66666667,-18.03333333,1944-02-17
CAMP DELTA,65.66666667,-18.03333333,1944-02-27
CAMP DELTA,65.66666667,-18.03333333,1944-03-03
CAMP DELTA,65.66666667,-18.03333333,1944-03-14
CAMP DELTA,65.66666667,-18.03333333,1944-03-21
CAMP DELTA,65.66666667,-18.03333333,1944-04-03
CAMP DELTA,65.66666667,-18.03333333,1944-04-17
CAMP DELTA,65.66666667,-18.03333333,1944-05-03
CAMP DELTA,65.66666667,-18.03333333,1944-05-14
CAMP DELTA,65.66666667,-18.03333333,1944-05-23
CAMP DELTA,65.66666667,-18.03333333,1944-05-28
CAMP DELTA,65.66666667,-18.03333333,1944-06-06
CAMP DELTA,65.66666667,-18.03333333,1944-06-17
CAMP DELTA,65.66666667,-18.03333333,1944-06-22
CAMP DELTA,65.66666667,-18.03333333,1944-06-25
CAMP DELTA,65.66666667,-18.03333333,1944-07-07
CAMP DELTA,65.66666667,-18.03333333,1944-07-18
CAMP DELTA,65.66666667,-18.03333333,1944-08-13
CAMP PARKS,34.85,48.6,1944-11-25
CAMP PARKS,34.85,48.6,1945-02-01
CAMP PARKS,34.85,48.6,1945-03-03
CAMP PARKS,34.85,48.6,1945-03-05
CAMP PARKS,34.85,48.6,1945-03-30
CAMP PARKS,34.85,48.6,1945-03-31
CAMP PARKS,34.85,48.6,1945-05-13
CAMP PARKS,34.85,48.6,1945-05-21
CAMP PARKS,34.85,48.6,1945-05-23
CASABLANCA/CAZES FIELD,33.58333333,-7.5,1943-08-16
CASABLANCA/CAZES FIELD,33.58333333,-7.5,1943-10-30
CASABLANCA/CAZES FIELD,33.58333333,-7.5,1944-03-26
CASABLANCA/CAZES FIELD,33.58333333,-7.5,1944-04-05
CASABLANCA/CAZES FIELD,33.58333333,-7.5,1944-05-01
CASABLANCA/CAZES FIELD,33.58333333,-7.5,1944-11-17
CASABLANCA/CAZES FIELD,33.58333333,-7.5,1945-03-27
CASABLANCA/CAZES FIELD,33.58333333,-7.5,1945-04-07
CASABLANCA/CAZES FIELD,33.58333333,-7.5,1945-04-09
CASABLANCA/CAZES FIELD,33.58333333,-7.5,1945-04-19
CASABLANCA/CAZES FIELD,33.58333333,-7.5,1945-05-06
CASABLANCA/CAZES FIELD,33.58333333,-7.5,1945-06-11
CASABLANCA/CAZES FIELD,33.58333333,-7.5,1945-07-21
CASABLANCA/CAZES FIELD,33.58333333,-7.5,1945-09-17
CASABLANCA/CAZES FIELD,33.58333333,-7.5,1945-09-30
CASABLANCA/CAZES FIELD,33.58333333,-7.5,1945-10-11
CHAKULIA,22.45,86.71666667,1942-12-01
CHAKULIA,22.45,86.71666667,1943-01-23
CHAKULIA,22.45,86.71666667,1943-01-31
CHAKULIA,22.45,86.71666667,1943-05-27
CHAKULIA,22.45,86.71666667,1943-07-19
CHAKULIA,22.45,86.71666667,1943-11-01
CHAKULIA,22.45,86.71666667,1944-01-31
CHAKULIA,22.45,86.71666667,1944-02-10
CHAKULIA,22.45,86.71666667,1944-03-30
CHAKULIA,22.45,86.71666667,1944-04-05
CHARLEVILLE,-26.41666667,146.2166667,1942-07-07
CHARLEVILLE,-26.41666667,146.2166667,1942-08-12
CHARLEVILLE,-26.41666667,146.2166667,1942-08-30
CHARLEVILLE,-26.41666667,146.2166667,1943-01-01
CHARLEVILLE,-26.41666667,146.2166667,1943-02-05
CHARLEVILLE,-26.41666667,146.2166667,1943-02-15
CHARLEVILLE,-26.41666667,146.2166667,1943-03-09
CHITOSE HOKKAIDO,42.8,141.55,1945-11-14
CHITOSE HOKKAIDO,42.8,141.55,1945-11-29
CHITOSE HOKKAIDO,42.8,141.55,1945-12-06
CHITOSE HOKKAIDO,42.8,141.55,1945-12-25
CIAMPINO,41.8,12.51666667,1945-01-31
CIUDAD TRUJILLO,18.48333333,-69.88333333,1944-07-31
CLEVELANDIA,3.866666667,-51.75,1944-04-14
CLEVELANDIA,3.866666667,-51.75,1944-07-01
CLEVELANDIA,3.866666667,-51.75,1945-04-19
CLEVELANDIA,3.866666667,-51.75,1945-06-08
CLONCURRY,-20.68333333,140.5833333,1942-12-28
CLONCURRY,-20.68333333,140.5833333,1943-05-18
CLONCURRY,-20.68333333,140.5833333,1943-09-20
CLONCURRY,-20.68333333,140.5833333,1943-10-14
CLONCURRY,-20.68333333,140.5833333,1943-11-19
CLONCURRY,-20.68333333,140.5833333,1943-12-20
CLONCURRY,-20.68333333,140.5833333,1944-03-14
CLONCURRY,-20.68333333,140.5833333,1944-03-30
DAKAR/EKNES FIELD,14.71666667,-17.01666667,1943-04-06
DAKAR/EKNES FIELD,14.71666667,-17.01666667,1943-12-10
DAKAR/EKNES FIELD,14.71666667,-17.01666667,1943-12-21
DAKAR/EKNES FIELD,14.71666667,-17.01666667,1944-02-05
DAKAR/EKNES FIELD,14.71666667,-17.01666667,1944-02-07
DAKAR/EKNES FIELD,14.71666667,-17.01666667,1944-02-16
DAKAR/EKNES FIELD,14.71666667,-17.01666667,1944-05-03
DAKAR/MALLARD FIELD,14.75,-17.05,1944-12-12
DAKAR/MALLARD FIELD,14.75,-17.05,1945-03-09
DAKAR/MALLARD FIELD,14.75,-17.05,1945-11-13
DAKAR/MALLARD FIELD,14.75,-17.05,1945-12-27
DAVID,8.383333333,-82.33333333,1942-04-05
DAVID,8.383333333,-82.33333333,1944-07-26
DAVID,8.383333333,-82.33333333,1944-09-30
DAVID,8.383333333,-82.33333333,1945-05-20
DECIMOMANNO,39.3,9.25,1944-04-27
DECIMOMANNO,39.3,9.25,1944-07-22
EL AQUINA,36.85,10.01666667,1944-04-01
EL AQUINA,36.85,10.01666667,1944-04-03
EL AQUINA,36.85,10.01666667,1944-05-04
EL AQUINA,36.85,10.01666667,1944-05-06
EL AQUINA,36.85,10.01666667,1945-01-31
EL AQUINA,36.85,10.01666667,1945-02-23
EL AQUINA,36.85,10.01666667,1945-05-19
EL AQUINA,36.85,10.01666667,1945-08-11
EL AQUINA,36.85,10.01666667,1945-09-06
ERITREA,15.28333333,38.9,1944-07-09
ERITREA,15.28333333,38.9,1945-04-15
FISHERMANS LAKE,6.75,-11.26666667,1943-08-10
FISHERMANS LAKE,6.75,-11.26666667,1943-12-19
FLORENCE/MU 1+4+10,43.76666667,11.2,1944-11-02
FLORENCE/MU 1+4+10,43.76666667,11.2,1945-03-01
FLORENCE/MU 1+4+10,43.76666667,11.2,1945-03-18
FOGGIA,41.43333333,15.61666667,1944-03-29
FOGGIA,41.43333333,15.61666667,1944-05-08
FOGGIA,41.43333333,15.61666667,1944-06-30
FOGGIA,41.43333333,15.61666667,1944-09-01
FOGGIA,41.43333333,15.61666667,1945-01-24
FOGGIA,41.43333333,15.61666667,1945-01-31
FOGGIA,41.43333333,15.61666667,1945-02-05
FOGGIA,41.43333333,15.61666667,1945-02-24
FOGGIA,41.43333333,15.61666667,1945-03-05
FOGGIA,41.43333333,15.61666667,1945-07-16
FOGGIA,41.43333333,15.61666667,1945-08-13
FOGGIA,41.43333333,15.61666667,1945-09-18
FOGGIA,41.43333333,15.61666667,1945-10-07
FOGGIA,41.43333333,15.61666667,1945-11-15
FONTANA,37.45,15.01666667,1944-03-31
FORT KOBBE,8.916666667,-79.63333333,1943-05-26
GAYA,24.75,84.96666667,1943-04-18
GEORGETOWN,6.5,-58.21666667,1941-11-03
GEORGETOWN,6.5,-58.21666667,1942-04-28
GEORGETOWN,6.5,-58.21666667,1943-12-20
GEORGETOWN,6.5,-58.21666667,1944-05-02
GEORGETOWN,6.5,-58.21666667,1945-03-01
GEORGETOWN,6.5,-58.21666667,1945-09-12
GREAT EXUMA ISLAND,23.51666667,-75.73333333,1945-04-11
GREAT EXUMA ISLAND,23.51666667,-75.73333333,1945-04-30
GUATEMALA CITY,14.58333333,-90.55,1942-07-01
GUATEMALA CITY,14.58333333,-90.55,1942-07-31
GUATEMALA CITY,14.58333333,-90.55,1942-10-22
GUATEMALA CITY,14.58333333,-90.55,1945-11-01
GUATEMALA CITY,14.58333333,-90.55,1945-12-06
GUATEMALA CITY,14.58333333,-90.55,1945-12-09
HABBANIYA,33.36666667,43.65,1945-03-02
HABBANIYA,33.36666667,43.65,1945-03-05
HICKAM/AFB,21.33333333,-157.9,1942-09-01
HICKAM/AFB,21.33333333,-157.9,1942-11-03
HORN ISLAND,-10.6,142.1666667,1942-08-20
HORN ISLAND,-10.6,142.1666667,1942-08-26
HORN ISLAND,-10.6,142.1666667,1944-03-16
HOWARD,8.916666667,-79.65,1942-09-04
HOWARD,8.916666667,-79.65,1943-05-26
ISTRES,43.5,4.083333333,1945-04-14
ISTRES,43.5,4.083333333,1945-05-05
ISTRES,43.5,4.083333333,1945-05-26
ISTRES,43.5,4.083333333,1945-06-23
ISTRES,43.5,4.083333333,1945-07-07
IWO JIMA/AB,24.78333333,141.2666667,1945-03-17
IWO JIMA/AB,24.78333333,141.2666667,1945-03-23
JIWANI,25.06666667,61.8,1944-05-30
JIWANI,25.06666667,61.8,1944-05-31
JIWANI,25.06666667,61.8,1944-08-18
JIWANI,25.06666667,61.8,1945-04-13
JIWANI,25.06666667,61.8,1945-05-22
JODHPUR,26.26666667,73.13333333,1944-07-16
JODHPUR,26.26666667,73.13333333,1945-07-14
JORHAT,26.71666667,94.16666667,1943-04-23
JORHAT,26.71666667,94.16666667,1943-05-28
JORHAT,26.71666667,94.16666667,1943-07-20
JORHAT,26.71666667,94.16666667,1944-01-07
JORHAT,26.71666667,94.16666667,1944-01-26
JORHAT,26.71666667,94.16666667,1944-02-09
JORHAT,26.71666667,94.16666667,1944-04-17
JORHAT,26.71666667,94.16666667,1944-05-09
JORHAT,26.71666667,94.16666667,1944-05-16
JORHAT,26.71666667,94.16666667,1944-05-28
JORHAT,26.71666667,94.16666667,1944-06-19
JORHAT,26.71666667,94.16666667,1944-07-29
JORHAT,26.71666667,94.16666667,1945-03-02
JORHAT,26.71666667,94.16666667,1945-03-21
JORHAT,26.71666667,94.16666667,1945-03-26
JORHAT,26.71666667,94.16666667,1945-04-22
JORHAT,26.71666667,94.16666667,1945-08-23
KADENA/AB,26.35,127.8166667,1945-09-20
KANO,12.05,8.5,1943-08-05
KANO,12.05,8.5,1943-08-08
KANO,12.05,8.5,1943-09-01
KANO,12.05,8.5,1944-08-29
KANO,12.05,8.5,1945-04-25
KANOYA,31.36666667,130.9166667,1945-10-31
KANOYA,31.36666667,130.9166667,1945-11-22
KANOYA,31.36666667,130.9166667,1945-11-27
KANOYA,31.36666667,130.9166667,1945-12-10
KARACHI,24.9,67.25,1942-06-29
KARACHI,24.9,67.25,1942-10-03
KARACHI,24.9,67.25,1943-01-15
KARACHI,24.9,67.25,1943-03-30
KARACHI,24.9,67.25,1943-04-24
KARACHI,24.9,67.25,1943-04-29
KARACHI,24.9,67.25,1943-10-16
KARACHI,24.9,67.25,1944-02-25
KARACHI,24.9,67.25,1944-04-12
KARACHI,24.9,67.25,1944-05-19
KARACHI,24.9,67.25,1944-11-12
KARACHI,24.9,67.25,1945-04-13
KARACHI,24.9,67.25,1945-05-23
KEFLAVIK,63.96666667,-22.61666667,1943-11-01
KEFLAVIK,63.96666667,-22.61666667,1943-11-15
KEFLAVIK,63.96666667,-22.61666667,1944-01-10
KEFLAVIK,63.96666667,-22.61666667,1944-01-11
KEFLAVIK,63.96666667,-22.61666667,1944-02-04
KEFLAVIK,63.96666667,-22.61666667,1944-03-03
KEFLAVIK,63.96666667,-22.61666667,1944-04-03
KEFLAVIK,63.96666667,-22.61666667,1944-05-13
KEFLAVIK,63.96666667,-22.61666667,1944-12-21
KEFLAVIK,63.96666667,-22.61666667,1944-12-28
KEFLAVIK,63.96666667,-22.61666667,1945-01-04
KEFLAVIK,63.96666667,-22.61666667,1945-01-08
KEFLAVIK,63.96666667,-22.61666667,1945-03-02
KEFLAVIK,63.96666667,-22.61666667,1945-11-26
KEFLAVIK,63.96666667,-22.61666667,1945-12-19
KINGSTON,17.9,-77.18333333,1942-01-29
KINGSTON,17.9,-77.18333333,1942-08-26
KINGSTON,17.9,-77.18333333,1943-05-20
KINGSTON,17.9,-77.18333333,1943-10-21
KINGSTON,17.9,-77.18333333,1944-08-18
KINGSTON,17.9,-77.18333333,1945-01-09
KINGSTON,17.9,-77.18333333,1945-08-30
KINGSTON,17.9,-77.18333333,1945-10-02
LA SENIA,35.61666667,0.583333333,1942-11-27
LA SENIA,35.61666667,0.583333333,1943-01-21
LA SENIA,35.61666667,0.583333333,1943-06-07
LA SENIA,35.61666667,0.583333333,1943-06-10
LA SENIA,35.61666667,0.583333333,1943-06-30
LA SENIA,35.61666667,0.583333333,1943-07-18
LA SENIA,35.61666667,0.583333333,1943-08-11
LA SENIA,35.61666667,0.583333333,1943-08-27
LA SENIA,35.61666667,0.583333333,1943-09-07
LA SENIA,35.61666667,0.583333333,1943-09-17
LA SENIA,35.61666667,0.583333333,1943-12-15
LA SENIA,35.61666667,0.583333333,1944-01-30
LA SENIA,35.61666667,0.583333333,1944-02-16
LA SENIA,35.61666667,0.583333333,1944-02-21
LA SENIA,35.61666667,0.583333333,1944-04-01
LA SENIA,35.61666667,0.583333333,1944-06-06
LA SENIA,35.61666667,0.583333333,1944-08-20
LA SENIA,35.61666667,0.583333333,1944-08-29
LA SENIA,35.61666667,0.583333333,1945-01-17
LA SENIA,35.61666667,0.583333333,1945-03-23
LA SENIA,35.61666667,0.583333333,1945-04-21
LA SENIA,35.61666667,0.583333333,1945-04-29
LA SENIA,35.61666667,0.583333333,1945-05-10
LA SENIA,35.61666667,0.583333333,1945-05-12
LA SENIA,35.61666667,0.583333333,1945-07-19
LA SENIA,35.61666667,0.583333333,1945-08-29
LA SENIA,35.61666667,0.583333333,1945-09-06
LA SENIA,35.61666667,0.583333333,1945-10-17
LA SENIA,35.61666667,0.583333333,1945-11-09
LAE/AAF,-6.75,146.9333333,1944-01-20
LECCE/MU 2,40.23333333,18.08333333,1944-01-29
LECCE/MU 2,40.23333333,18.08333333,1944-09-07
LECCE/MU 2,40.23333333,18.08333333,1945-01-24
LECCE/MU 2,40.23333333,18.08333333,1945-03-01
LECCE/MU 2,40.23333333,18.08333333,1945-03-11
LONGREACH,-23.45,144.0666667,1942-08-30
LONGREACH,-23.45,144.0666667,1942-10-10
LONGREACH,-23.45,144.0666667,1942-12-01
LONGREACH,-23.45,144.0666667,1942-12-09
LONGREACH,-23.45,144.0666667,1943-02-05
LONGREACH,-23.45,144.0666667,1943-04-22
LUXOR,25.7,32.66666667,1944-04-01
LUXOR,25.7,32.66666667,1945-03-29
LYMAN FIELD/AAF,19.71666667,-155.0666667,1944-12-24
LYMAN FIELD/AAF,19.71666667,-155.0666667,1945-06-06
LYMAN FIELD/AAF,19.71666667,-155.0666667,1945-07-06
MACKAY,-21.16666667,149.3,1944-03-09
MACKAY,-21.16666667,149.3,1944-08-27
MACKAY,-21.16666667,149.3,1944-09-01
MAIDUGURI,11.85,13.13333333,1943-05-26
MAIDUGURI,11.85,13.13333333,1943-06-27
MAIDUGURI,11.85,13.13333333,1943-09-02
MAIDUGURI,11.85,13.13333333,1944-08-05
MAIDUGURI,11.85,13.13333333,1944-09-29
MAIDUGURI,11.85,13.13333333,1945-04-23
MAISON BLANCHE,36.71666667,3.216666667,1943-04-17
MAISON BLANCHE,36.71666667,3.216666667,1943-04-19
MAISON BLANCHE,36.71666667,3.216666667,1943-04-22
MAISON BLANCHE,36.71666667,3.216666667,1943-04-28
MAISON BLANCHE,36.71666667,3.216666667,1943-05-01
MAISON BLANCHE,36.71666667,3.216666667,1943-06-08
MAISON BLANCHE,36.71666667,3.216666667,1943-07-12
MAISON BLANCHE,36.71666667,3.216666667,1943-09-17
MAISON BLANCHE,36.71666667,3.216666667,1943-09-19
MAISON BLANCHE,36.71666667,3.216666667,1943-10-07
MAISON BLANCHE,36.71666667,3.216666667,1944-02-04
MAISON BLANCHE,36.71666667,3.216666667,1944-02-23
MAISON BLANCHE,36.71666667,3.216666667,1944-03-02
MAISON BLANCHE,36.71666667,3.216666667,1944-04-02
MAISON BLANCHE,36.71666667,3.216666667,1944-04-15
MAISON BLANCHE,36.71666667,3.216666667,1944-05-02
MAISON BLANCHE,36.71666667,3.216666667,1944-05-07
MAISON BLANCHE,36.71666667,3.216666667,1944-05-18
MAISON BLANCHE,36.71666667,3.216666667,1944-05-27
MAISON BLANCHE,36.71666667,3.216666667,1944-07-17
MAISON BLANCHE,36.71666667,3.216666667,1944-08-16
MAISON BLANCHE,36.71666667,3.216666667,1944-09-11
MAISON BLANCHE,36.71666667,3.216666667,1944-10-31
MAISON BLANCHE,36.71666667,3.216666667,1944-11-08
MAISON BLANCHE,36.71666667,3.216666667,1944-11-12
MAISON BLANCHE,36.71666667,3.216666667,1945-04-11
MAISON BLANCHE,36.71666667,3.216666667,1945-04-13
MAISON BLANCHE,36.71666667,3.216666667,1945-04-17
MAISON BLANCHE,36.71666667,3.216666667,1945-04-21
MAISON BLANCHE,36.71666667,3.216666667,1945-05-03
MAISON BLANCHE,36.71666667,3.216666667,1945-06-23
MAISON BLANCHE,36.71666667,3.216666667,1945-06-29
MAISON BLANCHE,36.71666667,3.216666667,1945-09-03
MAISON BLANCHE,36.71666667,3.216666667,1945-09-05
MAISON BLANCHE,36.71666667,3.216666667,1945-09-08
MAISON BLANCHE,36.71666667,3.216666667,1945-10-18
MAISON BLANCHE,36.71666667,3.216666667,1945-10-28
MAISON BLANCHE,36.71666667,3.216666667,1945-11-01
MANILA/AAF,14.5,121.0666667,1945-12-08
MARRAKECH,31.65,-8.15,1943-01-20
MARRAKECH,31.65,-8.15,1943-02-19
MARRAKECH,31.65,-8.15,1943-03-01
MARRAKECH,31.65,-8.15,1943-03-19
MARRAKECH,31.65,-8.15,1943-05-09
MARRAKECH,31.65,-8.15,1943-08-06
MARRAKECH,31.65,-8.15,1943-09-21
MARRAKECH,31.65,-8.15,1943-11-20
MARRAKECH,31.65,-8.15,1943-11-24
MARRAKECH,31.65,-8.15,1943-12-04
MARRAKECH,31.65,-8.15,1943-12-09
MARRAKECH,31.65,-8.15,1943-12-16
MARRAKECH,31.65,-8.15,1943-12-25
MARRAKECH,31.65,-8.15,1943-12-27
MARRAKECH,31.65,-8.15,1944-01-04
MARRAKECH,31.65,-8.15,1944-01-15
MARRAKECH,31.65,-8.15,1944-02-09
MARRAKECH,31.65,-8.15,1944-02-13
MARRAKECH,31.65,-8.15,1944-02-27
MARRAKECH,31.65,-8.15,1944-03-02
MARRAKECH,31.65,-8.15,1944-03-21
MARRAKECH,31.65,-8.15,1944-03-24
MARRAKECH,31.65,-8.15,1944-03-30
MARRAKECH,31.65,-8.15,1944-07-01
MARRAKECH,31.65,-8.15,1944-07-10
MARRAKECH,31.65,-8.15,1944-08-05
MARRAKECH,31.65,-8.15,1944-09-06
MARRAKECH,31.65,-8.15,1945-01-16
MARRAKECH,31.65,-8.15,1945-04-18
MARRAKECH,31.65,-8.15,1945-05-05
MARRAKECH,31.65,-8.15,1945-11-06
MARSEILLE,43.43333333,5.266666667,1945-01-31
MARSEILLE,43.43333333,5.266666667,1945-02-13
MARSEILLE,43.43333333,5.266666667,1945-02-22
MARSEILLE,43.43333333,5.266666667,1945-04-13
MARSEILLE,43.43333333,5.266666667,1945-04-14
MARSEILLE,43.43333333,5.266666667,1945-04-22
MARSEILLE,43.43333333,5.266666667,1945-09-01
MARSHALL/ROBERTS FIELD,6.233333333,-10.43333333,1942-11-27
MARSHALL/ROBERTS FIELD,6.233333333,-10.43333333,1943-01-10
MARSHALL/ROBERTS FIELD,6.233333333,-10.43333333,1943-02-05
MARSHALL/ROBERTS FIELD,6.233333333,-10.43333333,1943-10-30
MARSHALL/ROBERTS FIELD,6.233333333,-10.43333333,1945-01-30
MARSHALL/ROBERTS FIELD,6.233333333,-10.43333333,1945-04-19
MARSHALL/ROBERTS FIELD,6.233333333,-10.43333333,1945-09-14
MASIRAH ISLAND,20.65,58.83333333,1943-05-26
MASIRAH ISLAND,20.65,58.83333333,1943-06-09
MASIRAH ISLAND,20.65,58.83333333,1943-06-15
MASIRAH ISLAND,20.65,58.83333333,1945-03-10
MERCEDES,12.13333333,-86.23333333,1945-09-30
MERSA MATRUH,31.45,27.25,1945-04-23
MERSA MATRUH,31.45,27.25,1945-10-04
MERSA MATRUH,31.45,27.25,1945-10-06
MIGLIACCIARO/CORSICA,42,9.45,1944-12-12
MIGLIACCIARO/CORSICA,42,9.45,1945-01-24
MOHANBERI,27.48333333,95.11666667,1944-02-06
MOHANBERI,27.48333333,95.11666667,1944-02-27
MOHANBERI,27.48333333,95.11666667,1944-04-05
MOHANBERI,27.48333333,95.11666667,1944-04-11
MOHANBERI,27.48333333,95.11666667,1944-04-17
MOHANBERI,27.48333333,95.11666667,1944-04-20
MOHANBERI,27.48333333,95.11666667,1944-05-09
MOHANBERI,27.48333333,95.11666667,1944-05-16
MOHANBERI,27.48333333,95.11666667,1944-08-29
MOHANBERI,27.48333333,95.11666667,1944-10-08
MOHANBERI,27.48333333,95.11666667,1944-10-10
MOHANBERI,27.48333333,95.11666667,1944-12-26
MOHANBERI,27.48333333,95.11666667,1945-02-08
MOHANBERI,27.48333333,95.11666667,1945-03-21
MOHANBERI,27.48333333,95.11666667,1945-03-26
MOHANBERI,27.48333333,95.11666667,1945-04-11
MOHANBERI,27.48333333,95.11666667,1945-04-22
MOHANBERI,27.48333333,95.11666667,1945-05-06
MOHANBERI,27.48333333,95.11666667,1945-05-31
MOHANBERI,27.48333333,95.11666667,1945-07-24
MOHANBERI,27.48333333,95.11666667,1945-08-25
MOHANBERI,27.48333333,95.11666667,1945-09-26
MOLOKAI/AP 524,21.15,-157.0333333,1940-04-23
MOLOKAI/AP 524,21.15,-157.0333333,1942-12-05
MOLOKAI/AP 524,21.15,-157.0333333,1945-04-09
MUNDA/AAF,-8.333333333,157.0166667,1944-01-17
NANDI/AAF,-17.75,177.3666667,1942-11-06
NANDI/AAF,-17.75,177.3666667,1942-12-11
NANDI/AAF,-17.75,177.3666667,1944-08-27
NANDI/AAF,-17.75,177.3666667,1945-05-25
NAPLES,40.9,14.18333333,1944-03-27
NAPLES,40.9,14.18333333,1945-01-12
NAPLES,40.9,14.18333333,1945-01-24
NAPLES,40.9,14.18333333,1945-02-01
NARSARSSUAK,61.18333333,-45.36666667,1941-07-30
NARSARSSUAK,61.18333333,-45.36666667,1941-08-18
NARSARSSUAK,61.18333333,-45.36666667,1941-09-05
NARSARSSUAK,61.18333333,-45.36666667,1941-10-21
NARSARSSUAK,61.18333333,-45.36666667,1941-10-24
NARSARSSUAK,61.18333333,-45.36666667,1941-10-27
NARSARSSUAK,61.18333333,-45.36666667,1941-11-17
NARSARSSUAK,61.18333333,-45.36666667,1941-11-22
NARSARSSUAK,61.18333333,-45.36666667,1941-11-27
NARSARSSUAK,61.18333333,-45.36666667,1941-12-06
NARSARSSUAK,61.18333333,-45.36666667,1941-12-13
NARSARSSUAK,61.18333333,-45.36666667,1941-12-16
NARSARSSUAK,61.18333333,-45.36666667,1941-12-24
NARSARSSUAK,61.18333333,-45.36666667,1942-01-04
NARSARSSUAK,61.18333333,-45.36666667,1942-01-07
NARSARSSUAK,61.18333333,-45.36666667,1942-01-22
NARSARSSUAK,61.18333333,-45.36666667,1942-01-25
NARSARSSUAK,61.18333333,-45.36666667,1942-01-28
NARSARSSUAK,61.18333333,-45.36666667,1942-02-01
NARSARSSUAK,61.18333333,-45.36666667,1942-02-12
NARSARSSUAK,61.18333333,-45.36666667,1942-02-17
NARSARSSUAK,61.18333333,-45.36666667,1942-04-02
NARSARSSUAK,61.18333333,-45.36666667,1942-04-29
NARSARSSUAK,61.18333333,-45.36666667,1942-05-24
NARSARSSUAK,61.18333333,-45.36666667,1942-05-26
NARSARSSUAK,61.18333333,-45.36666667,1942-06-07
NARSARSSUAK,61.18333333,-45.36666667,1942-06-16
NARSARSSUAK,61.18333333,-45.36666667,1942-07-18
NARSARSSUAK,61.18333333,-45.36666667,1942-07-23
NARSARSSUAK,61.18333333,-45.36666667,1942-09-13
NARSARSSUAK,61.18333333,-45.36666667,1942-11-12
NARSARSSUAK,61.18333333,-45.36666667,1942-11-15
NARSARSSUAK,61.18333333,-45.36666667,1942-11-20
NARSARSSUAK,61.18333333,-45.36666667,1942-11-25
NARSARSSUAK,61.18333333,-45.36666667,1942-12-15
NARSARSSUAK,61.18333333,-45.36666667,1942-12-18
NARSARSSUAK,61.18333333,-45.36666667,1942-12-26
NARSARSSUAK,61.18333333,-45.36666667,1943-01-14
NARSARSSUAK,61.18333333,-45.36666667,1943-01-27
NARSARSSUAK,61.18333333,-45.36666667,1943-02-03
NARSARSSUAK,61.18333333,-45.36666667,1943-02-12
NARSARSSUAK,61.18333333,-45.36666667,1943-02-15
NARSARSSUAK,61.18333333,-45.36666667,1943-02-24
NARSARSSUAK,61.18333333,-45.36666667,1943-02-28
NARSARSSUAK,61.18333333,-45.36666667,1943-03-08
NARSARSSUAK,61.18333333,-45.36666667,1943-03-18
NARSARSSUAK,61.18333333,-45.36666667,1943-04-01
NARSARSSUAK,61.18333333,-45.36666667,1943-04-25
NARSARSSUAK,61.18333333,-45.36666667,1943-04-27
NARSARSSUAK,61.18333333,-45.36666667,1943-05-02
NARSARSSUAK,61.18333333,-45.36666667,1943-05-20
NARSARSSUAK,61.18333333,-45.36666667,1943-06-30
NARSARSSUAK,61.18333333,-45.36666667,1943-07-03
NARSARSSUAK,61.18333333,-45.36666667,1943-07-10
NARSARSSUAK,61.18333333,-45.36666667,1943-10-23
NARSARSSUAK,61.18333333,-45.36666667,1943-11-05
NARSARSSUAK,61.18333333,-45.36666667,1943-11-10
NARSARSSUAK,61.18333333,-45.36666667,1943-11-13
NARSARSSUAK,61.18333333,-45.36666667,1943-11-15
NARSARSSUAK,61.18333333,-45.36666667,1943-11-29
NARSARSSUAK,61.18333333,-45.36666667,1943-12-02
NARSARSSUAK,61.18333333,-45.36666667,1943-12-06
NARSARSSUAK,61.18333333,-45.36666667,1943-12-11
NARSARSSUAK,61.18333333,-45.36666667,1943-12-21
NARSARSSUAK,61.18333333,-45.36666667,1943-12-29
NARSARSSUAK,61.18333333,-45.36666667,1944-01-03
NARSARSSUAK,61.18333333,-45.36666667,1944-01-10
NARSARSSUAK,61.18333333,-45.36666667,1944-01-16
NARSARSSUAK,61.18333333,-45.36666667,1944-01-21
NARSARSSUAK,61.18333333,-45.36666667,1944-01-24
NARSARSSUAK,61.18333333,-45.36666667,1944-01-25
NARSARSSUAK,61.18333333,-45.36666667,1944-02-03
NARSARSSUAK,61.18333333,-45.36666667,1944-02-07
NARSARSSUAK,61.18333333,-45.36666667,1944-02-09
NARSARSSUAK,61.18333333,-45.36666667,1944-02-14
NARSARSSUAK,61.18333333,-45.36666667,1944-02-16
NARSARSSUAK,61.18333333,-45.36666667,1944-02-19
NARSARSSUAK,61.18333333,-45.36666667,1944-02-25
NARSARSSUAK,61.18333333,-45.36666667,1944-03-18
NARSARSSUAK,61.18333333,-45.36666667,1944-03-27
NARSARSSUAK,61.18333333,-45.36666667,1944-04-27
NARSARSSUAK,61.18333333,-45.36666667,1944-05-19
NARSARSSUAK,61.18333333,-45.36666667,1944-05-29
NARSARSSUAK,61.18333333,-45.36666667,1944-07-05
NARSARSSUAK,61.18333333,-45.36666667,1944-07-09
NARSARSSUAK,61.18333333,-45.36666667,1944-08-01
NARSARSSUAK,61.18333333,-45.36666667,1944-08-04
NARSARSSUAK,61.18333333,-45.36666667,1944-09-23
NARSARSSUAK,61.18333333,-45.36666667,1944-10-30
NARSARSSUAK,61.18333333,-45.36666667,1944-11-08
NARSARSSUAK,61.18333333,-45.36666667,1944-11-09
NARSARSSUAK,61.18333333,-45.36666667,1944-11-15
NARSARSSUAK,61.18333333,-45.36666667,1944-11-28
NARSARSSUAK,61.18333333,-45.36666667,1944-11-29
NARSARSSUAK,61.18333333,-45.36666667,1944-12-08
NARSARSSUAK,61.18333333,-45.36666667,1944-12-14
NARSARSSUAK,61.18333333,-45.36666667,1944-12-18
NARSARSSUAK,61.18333333,-45.36666667,1944-12-27
NARSARSSUAK,61.18333333,-45.36666667,1945-01-03
NARSARSSUAK,61.18333333,-45.36666667,1945-01-06
NARSARSSUAK,61.18333333,-45.36666667,1945-01-10
NARSARSSUAK,61.18333333,-45.36666667,1945-01-14
NARSARSSUAK,61.18333333,-45.36666667,1945-01-19
NARSARSSUAK,61.18333333,-45.36666667,1945-02-09
NARSARSSUAK,61.18333333,-45.36666667,1945-02-13
NARSARSSUAK,61.18333333,-45.36666667,1945-02-28
NARSARSSUAK,61.18333333,-45.36666667,1945-03-01
NARSARSSUAK,61.18333333,-45.36666667,1945-03-08
NARSARSSUAK,61.18333333,-45.36666667,1945-03-28
NARSARSSUAK,61.18333333,-45.36666667,1945-04-06
NARSARSSUAK,61.18333333,-45.36666667,1945-05-25
NARSARSSUAK,61.18333333,-45.36666667,1945-05-30
NARSARSSUAK,61.18333333,-45.36666667,1945-06-18
NARSARSSUAK,61.18333333,-45.36666667,1945-07-06
NARSARSSUAK,61.18333333,-45.36666667,1945-08-06
NARSARSSUAK,61.18333333,-45.36666667,1945-08-29
NARSARSSUAK,61.18333333,-45.36666667,1945-10-05
NARSARSSUAK,61.18333333,-45.36666667,1945-10-15
NARSARSSUAK,61.18333333,-45.36666667,1945-10-28
NARSARSSUAK,61.18333333,-45.36666667,1945-11-16
NARSARSSUAK,61.18333333,-45.36666667,1945-11-19
NARSARSSUAK,61.18333333,-45.36666667,1945-12-05
NARSARSSUAK,61.18333333,-45.36666667,1945-12-08
NARSARSSUAK,61.18333333,-45.36666667,1945-12-10
NARSARSSUAK,61.18333333,-45.36666667,1945-12-25
OSAKA,34.8,135.3666667,1945-11-02
OSAKA,34.8,135.3666667,1945-11-22
OUJDA,34.75,-1.9,1943-03-20
OUJDA,34.75,-1.9,1943-05-04
OUJDA,34.75,-1.9,1943-06-07
OUJDA,34.75,-1.9,1943-07-11
OUJDA,34.75,-1.9,1943-07-16
OUJDA,34.75,-1.9,1943-08-04
OUJDA,34.75,-1.9,1943-09-16
OUJDA,34.75,-1.9,1943-09-20
OUJDA,34.75,-1.9,1943-12-27
OUJDA,34.75,-1.9,1944-02-27
OUJDA,34.75,-1.9,1944-03-02
OUJDA,34.75,-1.9,1944-04-01
OUJDA,34.75,-1.9,1944-04-14
OUJDA,34.75,-1.9,1944-04-29
OUJDA,34.75,-1.9,1944-05-14
OUJDA,34.75,-1.9,1944-05-25
OUJDA,34.75,-1.9,1944-05-31
OUJDA,34.75,-1.9,1944-07-01
OUJDA,34.75,-1.9,1944-07-11
OUJDA,34.75,-1.9,1944-08-28
OUJDA,34.75,-1.9,1944-09-11
OUJDA,34.75,-1.9,1944-10-15
OUJDA,34.75,-1.9,1945-04-11
PALERMO/MU 10,38.11666667,13.36666667,1943-08-30
PALERMO/MU 10,38.11666667,13.36666667,1944-03-27
PALERMO/MU 10,38.11666667,13.36666667,1944-04-08
PALERMO/MU 10,38.11666667,13.36666667,1944-04-16
PALERMO/MU 10,38.11666667,13.36666667,1944-07-22
PALERMO/MU 10,38.11666667,13.36666667,1944-08-13
PALERMO/MU 10,38.11666667,13.36666667,1944-09-08
PALERMO/MU 10,38.11666667,13.36666667,1945-01-31
PALERMO/MU 10,38.11666667,13.36666667,1945-03-26
PALERMO/MU 10,38.11666667,13.36666667,1945-05-25
PALERMO/MU 10,38.11666667,13.36666667,1945-08-08
PALERMO/MU 10,38.11666667,13.36666667,1945-08-12
PALERMO/MU 10,38.11666667,13.36666667,1945-08-13
PALERMO/MU 10,38.11666667,13.36666667,1945-08-18
PARIS/ORLY,48.73333333,2.366666667,1945-01-30
PARIS/ORLY,48.73333333,2.366666667,1945-03-01
PARIS/ORLY,48.73333333,2.366666667,1945-03-13
PARIS/ORLY,48.73333333,2.366666667,1945-05-07
PARIS/ORLY,48.73333333,2.366666667,1945-05-28
PARIS/ORLY,48.73333333,2.366666667,1945-06-19
PARIS/ORLY,48.73333333,2.366666667,1945-07-21
PARIS/ORLY,48.73333333,2.366666667,1945-12-01
PARNAMIRIM,-5.9,-35.3,1945-02-22
PARNAMIRIM,-5.9,-35.3,1945-05-27
PARNAMIRIM,-5.9,-35.3,1945-05-30
PAYNE,30.13333333,31.35,1943-11-08
PAYNE,30.13333333,31.35,1944-02-15
PAYNE,30.13333333,31.35,1944-02-21
PAYNE,30.13333333,31.35,1944-02-26
PAYNE,30.13333333,31.35,1944-03-02
PAYNE,30.13333333,31.35,1944-03-10
PAYNE,30.13333333,31.35,1944-03-26
PAYNE,30.13333333,31.35,1944-03-31
PAYNE,30.13333333,31.35,1944-04-01
PAYNE,30.13333333,31.35,1944-04-06
PAYNE,30.13333333,31.35,1944-04-15
PAYNE,30.13333333,31.35,1944-04-22
PAYNE,30.13333333,31.35,1944-05-22
PAYNE,30.13333333,31.35,1944-05-23
PAYNE,30.13333333,31.35,1944-06-21
PISA,43.68333333,10.45,1945-05-10
POCRI,7.733333333,-80,1944-07-15
PORT AU PRINCE,18.55,-72.35,1944-06-04
PORT AU PRINCE,18.55,-72.35,1944-07-27
PORT AU PRINCE,18.55,-72.35,1944-08-17
PORTETTA/CORSICA,42.56666667,9.333333333,1944-12-12
PORTETTA/CORSICA,42.56666667,9.333333333,1945-01-24
PORTETTA/CORSICA,42.56666667,9.333333333,1945-01-31
REY ISLAND,8.233333333,-78.08333333,1944-06-10
REY ISLAND,8.233333333,-78.08333333,1945-09-16
REYKJAVIK,64.13333333,-21.91666667,1941-11-15
REYKJAVIK,64.13333333,-21.91666667,1941-11-28
REYKJAVIK,64.13333333,-21.91666667,1942-01-15
REYKJAVIK,64.13333333,-21.91666667,1942-02-13
REYKJAVIK,64.13333333,-21.91666667,1942-03-01
REYKJAVIK,64.13333333,-21.91666667,1942-03-30
REYKJAVIK,64.13333333,-21.91666667,1942-04-11
REYKJAVIK,64.13333333,-21.91666667,1942-12-02
REYKJAVIK,64.13333333,-21.91666667,1942-12-06
REYKJAVIK,64.13333333,-21.91666667,1943-01-04
REYKJAVIK,64.13333333,-21.91666667,1943-02-16
REYKJAVIK,64.13333333,-21.91666667,1943-03-01
REYKJAVIK,64.13333333,-21.91666667,1943-03-15
REYKJAVIK,64.13333333,-21.91666667,1943-04-02
REYKJAVIK,64.13333333,-21.91666667,1943-09-21
REYKJAVIK,64.13333333,-21.91666667,1943-11-01
REYKJAVIK,64.13333333,-21.91666667,1943-11-15
REYKJAVIK,64.13333333,-21.91666667,1944-01-04
REYKJAVIK,64.13333333,-21.91666667,1944-01-10
REYKJAVIK,64.13333333,-21.91666667,1944-01-11
REYKJAVIK,64.13333333,-21.91666667,1944-01-26
REYKJAVIK,64.13333333,-21.91666667,1944-02-04
REYKJAVIK,64.13333333,-21.91666667,1944-02-05
REYKJAVIK,64.13333333,-21.91666667,1944-02-17
REYKJAVIK,64.13333333,-21.91666667,1944-03-03
REYKJAVIK,64.13333333,-21.91666667,1944-04-03
RIO HATO,8.366666667,-80,1941-12-30
RIO HATO,8.366666667,-80,1945-07-31
ROCKHAMPTON,-23.4,150.5333333,1943-10-05
ROCKHAMPTON,-23.4,150.5333333,1943-10-18
ROCKHAMPTON,-23.4,150.5333333,1943-10-20
ROCKHAMPTON,-23.4,150.5333333,1943-12-05
ROCKHAMPTON,-23.4,150.5333333,1943-12-20
ROCKHAMPTON,-23.4,150.5333333,1944-03-10
ROCKHAMPTON,-23.4,150.5333333,1944-03-13
ROCKHAMPTON,-23.4,150.5333333,1945-03-07
ROCKHAMPTON,-23.4,150.5333333,1945-08-21
RUTBA,32.93333333,39.76666667,1945-03-02
RUTBA,32.93333333,39.76666667,1945-04-07
RUTBA,32.93333333,39.76666667,1945-04-24
SALALAH,17.05,54.06666667,1943-05-19
SALALAH,17.05,54.06666667,1943-05-28
SALALAH,17.05,54.06666667,1943-06-03
SALALAH,17.05,54.06666667,1943-11-02
SALALAH,17.05,54.06666667,1944-04-01
SALALAH,17.05,54.06666667,1944-06-14
SAN ANTONIO,22.88333333,-82.63333333,1943-06-25
SAN ANTONIO,22.88333333,-82.63333333,1944-10-15
SAN ANTONIO,22.88333333,-82.63333333,1944-12-03
SAN ANTONIO,22.88333333,-82.63333333,1944-12-10
SAN JOSE,9.9,-84,1942-05-16
SAN JOSE,9.9,-84,1942-06-08
SAN JOSE,9.9,-84,1942-07-15
SAN JOSE,9.9,-84,1943-08-01
SAN JOSE,9.9,-84,1943-12-22
SAN JOSE,9.9,-84,1945-03-12
SAN JOSE,13.91666667,-90.83333333,1942-12-24
SAN JOSE,13.91666667,-90.83333333,1945-10-06
SEOUL/ROK K-14,37.55,126.7,1945-12-03
SEOUL/ROK K-14,37.55,126.7,1945-12-05
SEOUL/ROK K-14,37.55,126.7,1945-12-13
SEOUL/ROK K-14,37.55,126.7,1945-12-19
SEOUL/ROK K-14,37.55,126.7,1945-12-26
SHARJAH,25.35,55.45,1944-03-30
SHARJAH,25.35,55.45,1944-04-07
SHARJAH,25.35,55.45,1944-04-14
SHARJAH,25.35,55.45,1944-05-06
SHARJAH,25.35,55.45,1944-05-18
SHARJAH,25.35,55.45,1944-05-28
SHARJAH,25.35,55.45,1944-06-09
SHARJAH,25.35,55.45,1944-06-17
SHARJAH,25.35,55.45,1944-08-14
SHARJAH,25.35,55.45,1944-09-01
SHARJAH,25.35,55.45,1945-03-20
SHARJAH,25.35,55.45,1945-03-22
SHARJAH,25.35,55.45,1945-04-09
SHARJAH,25.35,55.45,1945-04-11
SHARJAH,25.35,55.45,1945-04-21
SHARJAH,25.35,55.45,1945-05-24
SHARJAH,25.35,55.45,1945-06-14
SHARJAH,25.35,55.45,1945-07-09
SHARJAH,25.35,55.45,1945-08-25
SHEIKH OTHMAN,12.86666667,44.86666667,1944-07-15
SIMIUTAK,60.68333333,-46.63333333,1942-05-26
SIMIUTAK,60.68333333,-46.63333333,1942-05-28
SIMIUTAK,60.68333333,-46.63333333,1942-06-23
SIMIUTAK,60.68333333,-46.63333333,1942-11-11
SIMIUTAK,60.68333333,-46.63333333,1942-11-15
SIMIUTAK,60.68333333,-46.63333333,1942-11-20
SIMIUTAK,60.68333333,-46.63333333,1942-11-26
SIMIUTAK,60.68333333,-46.63333333,1942-12-18
SIMIUTAK,60.68333333,-46.63333333,1943-01-02
SIMIUTAK,60.68333333,-46.63333333,1943-01-14
SIMIUTAK,60.68333333,-46.63333333,1943-02-03
SIMIUTAK,60.68333333,-46.63333333,1943-02-12
SIMIUTAK,60.68333333,-46.63333333,1943-02-15
SIMIUTAK,60.68333333,-46.63333333,1943-02-24
SIMIUTAK,60.68333333,-46.63333333,1943-02-28
SIMIUTAK,60.68333333,-46.63333333,1943-03-18
SIMIUTAK,60.68333333,-46.63333333,1943-04-01
SIMIUTAK,60.68333333,-46.63333333,1943-04-05
SIMIUTAK,60.68333333,-46.63333333,1943-06-16
SIMIUTAK,60.68333333,-46.63333333,1943-06-23
SIMIUTAK,60.68333333,-46.63333333,1943-07-18
SIMIUTAK,60.68333333,-46.63333333,1943-08-02
SIMIUTAK,60.68333333,-46.63333333,1943-08-24
SIMIUTAK,60.68333333,-46.63333333,1943-11-10
SIMIUTAK,60.68333333,-46.63333333,1943-12-02
SIMIUTAK,60.68333333,-46.63333333,1943-12-07
SIMIUTAK,60.68333333,-46.63333333,1943-12-11
SIMIUTAK,60.68333333,-46.63333333,1943-12-21
SIMIUTAK,60.68333333,-46.63333333,1943-12-29
SIMIUTAK,60.68333333,-46.63333333,1944-01-03
SIMIUTAK,60.68333333,-46.63333333,1944-01-20
SIMIUTAK,60.68333333,-46.63333333,1944-01-23
SIMIUTAK,60.68333333,-46.63333333,1944-01-25
SIMIUTAK,60.68333333,-46.63333333,1944-02-03
SIMIUTAK,60.68333333,-46.63333333,1944-02-16
SIMIUTAK,60.68333333,-46.63333333,1944-02-25
SIMIUTAK,60.68333333,-46.63333333,1944-03-27
SIMIUTAK,60.68333333,-46.63333333,1944-05-19
SIMIUTAK,60.68333333,-46.63333333,1944-07-20
SIMIUTAK,60.68333333,-46.63333333,1944-08-20
SIMIUTAK,60.68333333,-46.63333333,1944-12-08
SIMIUTAK,60.68333333,-46.63333333,1944-12-14
SIMIUTAK,60.68333333,-46.63333333,1944-12-18
SIMIUTAK,60.68333333,-46.63333333,1944-12-27
SIMIUTAK,60.68333333,-46.63333333,1945-01-06
SIMIUTAK,60.68333333,-46.63333333,1945-01-19
SIMIUTAK,60.68333333,-46.63333333,1945-01-28
SIMIUTAK,60.68333333,-46.63333333,1945-02-09
SIMIUTAK,60.68333333,-46.63333333,1945-02-28
SIMIUTAK,60.68333333,-46.63333333,1945-03-01
SIMIUTAK,60.68333333,-46.63333333,1945-04-06
SIMIUTAK,60.68333333,-46.63333333,1945-06-24
SIMIUTAK,60.68333333,-46.63333333,1945-06-26
SIMIUTAK,60.68333333,-46.63333333,1945-06-29
SIMIUTAK,60.68333333,-46.63333333,1945-07-04
SIMIUTAK,60.68333333,-46.63333333,1945-08-22
SIMIUTAK,60.68333333,-46.63333333,1945-10-09
SIMIUTAK,60.68333333,-46.63333333,1945-10-28
SIMIUTAK,60.68333333,-46.63333333,1945-11-16
SIMIUTAK,60.68333333,-46.63333333,1945-12-15
SIMIUTAK,60.68333333,-46.63333333,1945-12-25
SISI AHMED,37.2,9.083333333,1944-02-21
SISI AHMED,37.2,9.083333333,1944-05-06
SISI AHMED,37.2,9.083333333,1944-06-27
SISI AHMED,37.2,9.083333333,1944-06-29
SISI AHMED,37.2,9.083333333,1944-07-21
SISI AHMED,37.2,9.083333333,1944-09-06
SISI AHMED,37.2,9.083333333,1945-01-12
SISI AHMED,37.2,9.083333333,1945-04-12
SISI AHMED,37.2,9.083333333,1945-04-16
SISI AHMED,37.2,9.083333333,1945-05-19
SONDRESTROM,67.01666667,-50.7,1941-12-05
SONDRESTROM,67.01666667,-50.7,1941-12-14
SONDRESTROM,67.01666667,-50.7,1941-12-25
SONDRESTROM,67.01666667,-50.7,1942-01-01
SONDRESTROM,67.01666667,-50.7,1942-01-03
SONDRESTROM,67.01666667,-50.7,1942-01-07
SONDRESTROM,67.01666667,-50.7,1942-01-08
SONDRESTROM,67.01666667,-50.7,1942-01-28
SONDRESTROM,67.01666667,-50.7,1942-02-03
SONDRESTROM,67.01666667,-50.7,1942-02-09
SONDRESTROM,67.01666667,-50.7,1942-02-15
SONDRESTROM,67.01666667,-50.7,1942-02-19
SONDRESTROM,67.01666667,-50.7,1942-03-06
SONDRESTROM,67.01666667,-50.7,1942-03-07
SONDRESTROM,67.01666667,-50.7,1942-03-28
SONDRESTROM,67.01666667,-50.7,1942-04-03
SONDRESTROM,67.01666667,-50.7,1942-04-10
SONDRESTROM,67.01666667,-50.7,1942-04-15
SONDRESTROM,67.01666667,-50.7,1942-04-20
SONDRESTROM,67.01666667,-50.7,1942-05-04
SONDRESTROM,67.01666667,-50.7,1942-05-12
SONDRESTROM,67.01666667,-50.7,1942-05-25
SONDRESTROM,67.01666667,-50.7,1942-07-14
SONDRESTROM,67.01666667,-50.7,1942-07-30
SONDRESTROM,67.01666667,-50.7,1942-09-14
SONDRESTROM,67.01666667,-50.7,1942-09-23
SONDRESTROM,67.01666667,-50.7,1942-10-14
SONDRESTROM,67.01666667,-50.7,1942-10-19
SONDRESTROM,67.01666667,-50.7,1942-10-26
SONDRESTROM,67.01666667,-50.7,1942-11-03
SONDRESTROM,67.01666667,-50.7,1942-11-16
SONDRESTROM,67.01666667,-50.7,1942-11-19
SONDRESTROM,67.01666667,-50.7,1942-12-02
SONDRESTROM,67.01666667,-50.7,1942-12-19
SONDRESTROM,67.01666667,-50.7,1942-12-28
SONDRESTROM,67.01666667,-50.7,1943-01-03
SONDRESTROM,67.01666667,-50.7,1943-01-06
SONDRESTROM,67.01666667,-50.7,1943-01-15
SONDRESTROM,67.01666667,-50.7,1943-01-19
SONDRESTROM,67.01666667,-50.7,1943-02-05
SONDRESTROM,67.01666667,-50.7,1943-02-14
SONDRESTROM,67.01666667,-50.7,1943-02-15
SONDRESTROM,67.01666667,-50.7,1943-02-24
SONDRESTROM,67.01666667,-50.7,1943-03-01
SONDRESTROM,67.01666667,-50.7,1943-03-03
SONDRESTROM,67.01666667,-50.7,1943-03-19
SONDRESTROM,67.01666667,-50.7,1943-03-20
SONDRESTROM,67.01666667,-50.7,1943-03-25
SONDRESTROM,67.01666667,-50.7,1943-04-05
SONDRESTROM,67.01666667,-50.7,1943-04-16
SONDRESTROM,67.01666667,-50.7,1943-04-24
SONDRESTROM,67.01666667,-50.7,1943-05-24
SONDRESTROM,67.01666667,-50.7,1943-06-05
SONDRESTROM,67.01666667,-50.7,1943-06-30
SONDRESTROM,67.01666667,-50.7,1943-07-10
SONDRESTROM,67.01666667,-50.7,1943-07-28
SONDRESTROM,67.01666667,-50.7,1943-10-05
SONDRESTROM,67.01666667,-50.7,1943-10-13
SONDRESTROM,67.01666667,-50.7,1943-10-20
SONDRESTROM,67.01666667,-50.7,1943-11-02
SONDRESTROM,67.01666667,-50.7,1943-11-03
SONDRESTROM,67.01666667,-50.7,1943-11-10
SONDRESTROM,67.01666667,-50.7,1943-11-14
SONDRESTROM,67.01666667,-50.7,1943-11-27
SONDRESTROM,67.01666667,-50.7,1943-11-28
SONDRESTROM,67.01666667,-50.7,1943-12-01
SONDRESTROM,67.01666667,-50.7,1943-12-12
SONDRESTROM,67.01666667,-50.7,1943-12-22
SONDRESTROM,67.01666667,-50.7,1943-12-30
SONDRESTROM,67.01666667,-50.7,1944-01-14
SONDRESTROM,67.01666667,-50.7,1944-01-15
SONDRESTROM,67.01666667,-50.7,1944-01-23
SONDRESTROM,67.01666667,-50.7,1944-01-24
SONDRESTROM,67.01666667,-50.7,1944-02-04
SONDRESTROM,67.01666667,-50.7,1944-02-08
SONDRESTROM,67.01666667,-50.7,1944-02-15
SONDRESTROM,67.01666667,-50.7,1944-02-19
SONDRESTROM,67.01666667,-50.7,1944-02-20
SONDRESTROM,67.01666667,-50.7,1944-02-25
SONDRESTROM,67.01666667,-50.7,1944-03-02
SONDRESTROM,67.01666667,-50.7,1944-03-06
SONDRESTROM,67.01666667,-50.7,1944-03-07
SONDRESTROM,67.01666667,-50.7,1944-03-09
SONDRESTROM,67.01666667,-50.7,1944-03-17
SONDRESTROM,67.01666667,-50.7,1944-03-18
SONDRESTROM,67.01666667,-50.7,1944-03-19
SONDRESTROM,67.01666667,-50.7,1944-03-29
SONDRESTROM,67.01666667,-50.7,1944-04-05
SONDRESTROM,67.01666667,-50.7,1944-05-01
SONDRESTROM,67.01666667,-50.7,1944-05-12
SONDRESTROM,67.01666667,-50.7,1944-05-27
SONDRESTROM,67.01666667,-50.7,1944-05-30
SONDRESTROM,67.01666667,-50.7,1944-06-05
SONDRESTROM,67.01666667,-50.7,1944-06-23
SONDRESTROM,67.01666667,-50.7,1944-07-02
SONDRESTROM,67.01666667,-50.7,1944-07-20
SONDRESTROM,67.01666667,-50.7,1944-09-23
SONDRESTROM,67.01666667,-50.7,1944-10-18
SONDRESTROM,67.01666667,-50.7,1944-10-26
SONDRESTROM,67.01666667,-50.7,1944-10-27
SONDRESTROM,67.01666667,-50.7,1944-10-31
SONDRESTROM,67.01666667,-50.7,1944-11-06
SONDRESTROM,67.01666667,-50.7,1944-11-10
SONDRESTROM,67.01666667,-50.7,1944-11-16
SONDRESTROM,67.01666667,-50.7,1944-11-20
SONDRESTROM,67.01666667,-50.7,1944-11-30
SONDRESTROM,67.01666667,-50.7,1944-12-08
SONDRESTROM,67.01666667,-50.7,1944-12-09
SONDRESTROM,67.01666667,-50.7,1944-12-16
SONDRESTROM,67.01666667,-50.7,1944-12-18
SONDRESTROM,67.01666667,-50.7,1944-12-30
SONDRESTROM,67.01666667,-50.7,1945-01-03
SONDRESTROM,67.01666667,-50.7,1945-01-07
SONDRESTROM,67.01666667,-50.7,1945-01-10
SONDRESTROM,67.01666667,-50.7,1945-01-13
SONDRESTROM,67.01666667,-50.7,1945-01-20
SONDRESTROM,67.01666667,-50.7,1945-01-21
SONDRESTROM,67.01666667,-50.7,1945-01-27
SONDRESTROM,67.01666667,-50.7,1945-02-05
SONDRESTROM,67.01666667,-50.7,1945-02-20
SONDRESTROM,67.01666667,-50.7,1945-03-01
SONDRESTROM,67.01666667,-50.7,1945-03-02
SONDRESTROM,67.01666667,-50.7,1945-03-05
SONDRESTROM,67.01666667,-50.7,1945-03-19
SONDRESTROM,67.01666667,-50.7,1945-04-11
SONDRESTROM,67.01666667,-50.7,1945-04-20
SONDRESTROM,67.01666667,-50.7,1945-05-03
SONDRESTROM,67.01666667,-50.7,1945-05-04
SONDRESTROM,67.01666667,-50.7,1945-05-30
SONDRESTROM,67.01666667,-50.7,1945-07-11
SONDRESTROM,67.01666667,-50.7,1945-08-03
SONDRESTROM,67.01666667,-50.7,1945-08-21
SONDRESTROM,67.01666667,-50.7,1945-10-09
SONDRESTROM,67.01666667,-50.7,1945-11-04
SONDRESTROM,67.01666667,-50.7,1945-11-11
SONDRESTROM,67.01666667,-50.7,1945-11-17
SONDRESTROM,67.01666667,-50.7,1945-11-25
SONDRESTROM,67.01666667,-50.7,1945-12-07
SONDRESTROM,67.01666667,-50.7,1945-12-10
SONDRESTROM,67.01666667,-50.7,1945-12-11
SONDRESTROM,67.01666667,-50.7,1945-12-15
SONDRESTROM,67.01666667,-50.7,1945-12-29
SOUTH CAICOS ISLAND,21.48333333,-71.05,1944-03-14
SOUTH CAICOS ISLAND,21.48333333,-71.05,1945-05-20
ST LUCIA/ISLAND,13.73333333,-60.85,1942-09-18
ST LUCIA/ISLAND,13.73333333,-60.85,1944-11-16
TELERGMA,36.11666667,6.416666667,1943-02-15
TELERGMA,36.11666667,6.416666667,1943-03-27
TELERGMA,36.11666667,6.416666667,1943-04-10
TELERGMA,36.11666667,6.416666667,1943-04-11
TELERGMA,36.11666667,6.416666667,1943-04-16
TELERGMA,36.11666667,6.416666667,1943-04-25
TELERGMA,36.11666667,6.416666667,1943-04-26
TELERGMA,36.11666667,6.416666667,1943-05-05
TELERGMA,36.11666667,6.416666667,1943-05-11
TELERGMA,36.11666667,6.416666667,1943-06-06
TELERGMA,36.11666667,6.416666667,1943-06-14
TELERGMA,36.11666667,6.416666667,1943-06-17
TELERGMA,36.11666667,6.416666667,1943-07-03
TELERGMA,36.11666667,6.416666667,1943-07-11
TELERGMA,36.11666667,6.416666667,1943-10-10
TELERGMA,36.11666667,6.416666667,1943-12-16
TELERGMA,36.11666667,6.416666667,1944-01-29
TELERGMA,36.11666667,6.416666667,1944-02-08
TELERGMA,36.11666667,6.416666667,1944-02-10
TELERGMA,36.11666667,6.416666667,1944-02-23
TELERGMA,36.11666667,6.416666667,1944-02-26
TELERGMA,36.11666667,6.416666667,1944-02-28
TELERGMA,36.11666667,6.416666667,1944-03-03
TELERGMA,36.11666667,6.416666667,1944-03-14
TELERGMA,36.11666667,6.416666667,1944-03-17
TELERGMA,36.11666667,6.416666667,1944-03-20
TELERGMA,36.11666667,6.416666667,1944-03-27
TELERGMA,36.11666667,6.416666667,1944-04-01
TELERGMA,36.11666667,6.416666667,1944-04-14
TELERGMA,36.11666667,6.416666667,1944-06-01
TELERGMA,36.11666667,6.416666667,1944-06-21
TINDOUF,27.68333333,-8.083333333,1943-05-08
TINDOUF,27.68333333,-8.083333333,1943-08-08
TINDOUF,27.68333333,-8.083333333,1944-04-08
TINDOUF,27.68333333,-8.083333333,1944-09-05
TINDOUF,27.68333333,-8.083333333,1944-10-11
TINDOUF,27.68333333,-8.083333333,1945-01-14
TINDOUF,27.68333333,-8.083333333,1945-04-19
TOUAHAR,34.2,-4.25,1945-06-21
TOUAHAR,34.2,-4.25,1945-07-01
TOUAHAR,34.2,-4.25,1945-07-07
TOUAHAR,34.2,-4.25,1945-08-26
TOUAHAR,34.2,-4.25,1945-08-31
TOUAHAR,34.2,-4.25,1945-09-12
TOUAHAR,34.2,-4.25,1945-11-08
VAL DE CANS,-1.383333333,-48.36666667,1942-12-07
VAL DE CANS,-1.383333333,-48.36666667,1943-03-24
VAL DE CANS,-1.383333333,-48.36666667,1943-12-21
VAL DE CANS,-1.383333333,-48.36666667,1943-12-27
VAL DE CANS,-1.383333333,-48.36666667,1944-04-22
WALLER/BWI,10.61666667,-61.01666667,1941-08-23
WALLER/BWI,10.61666667,-61.01666667,1943-07-18
WARRINGTON,53.38333333,-2.05,1945-01-02
WARRINGTON,53.38333333,-2.05,1945-01-30
WARRINGTON,53.38333333,-2.05,1945-02-13
WARRINGTON,53.38333333,-2.05,1945-05-06
WARRINGTON,53.38333333,-2.05,1945-05-21
WARRINGTON,53.38333333,-2.05,1945-06-19
WARRINGTON,53.38333333,-2.05,1945-09-11
WHEELUS,32.9,13.21666667,1945-04-20
WHEELUS,32.9,13.21666667,1945-04-22
